<odoo>
    <data noupdate="1">
        <!-- Project Stages -->
        <record id="stage_note" model="project.task.type">
            <field name="name">Note</field>
            <field name="sequence">1</field>
            <field name="description">Note</field>
        </record>
        <record id="stage_new" model="project.task.type">
            <field name="name">New</field>
            <field name="sequence">2</field>
            <field name="description">New</field>
        </record>
        <record id="stage_in_progress" model="project.task.type">
            <field name="name">In_Progress</field>
            <field name="sequence">3</field>
            <field name="description">In_Progress</field>
        </record>

        <record id="stage_testing" model="project.task.type">
            <field name="name">Testing</field>
            <field name="sequence">4</field>
            <field name="description">Testing</field>
        </record>

        <record id="stage_escalated" model="project.task.type">
            <field name="name">Escalated</field>
            <field name="sequence">4</field>
            <field name="description">Escalated</field>
        </record>

        <record id="stage_done" model="project.task.type">
            <field name="name">Done</field>
            <field name="sequence">4</field>
            <field name="description">Done</field>
        </record>

        <record id="stage_canceled" model="project.task.type">
            <field name="name">Canceled</field>
            <field name="sequence">4</field>
            <field name="description">Canceled</field>
        </record>
        <!-- Add more project stages as needed -->
    </data>
</odoo>

