id,name,model_id:id,group_id:id,perm_read,perm_write,perm_create,perm_unlink
access_project_task_categories,access_project_task_categories,model_project_task_categories,project.group_project_user,1,1,1,0
access_project_task_categories,access_project_task_categories,model_project_task_categories,project.group_project_manager,1,1,1,1
access_project_task_types,access_project_task_types,model_project_task_types,project.group_project_user,1,1,1,0
access_project_task_types,access_project_task_types,model_project_task_types,project.group_project_manager,1,1,1,1
access_project_teams,access_project_teams,model_project_team,project.group_project_user,1,1,1,0
access_project_teams,access_project_teams,model_project_team,project.group_project_manager,1,1,1,1
access_task_questions,access_task_questions_user,model_task_question,base.group_user,1,1,1,1
access_task_questions,access_task_questions_manager,model_task_question,base.group_user,1,1,1,1
access_task_questions_content,access_task_questions_content-user,model_task_question_content,base.group_user,1,1,1,1
access_task_questions_content,access_task_questions_content_manager,model_task_question_content,base.group_user,1,1,1,1