<odoo>
    <data>
        <record id="record_rule_project_task_assigned_tasks" model="ir.rule">
            <field name="name">See Assigned Tasks</field>
            <field name="model_id" ref="model_project_task"/>
            <field name="groups" eval="[(4, ref('project.group_project_user'))]"/>
            <field name="perm_read" eval="True"/>
            <field name="perm_write" eval="True"/>
            <field name="perm_create" eval="True"/>
            <field name="perm_unlink" eval="True"/>
            <field name="domain_force">[ '|', ('create_uid', '=', user.id), ('user_ids', '=', user.id), ]</field>
        </record>

        <record id="record_rule_project_task_all_tasks" model="ir.rule">
            <field name="name">All Tasks</field>
            <field ref="model_project_task" name="model_id"/>
            <field name="domain_force">[(1,'=',1)]</field>
            <field name="groups" eval="[(4, ref('project.group_project_manager'))]"/>
        </record>

        <record id="access_task_questions_user" model="ir.rule">
            <field name="name">Access Task Questions User</field>
            <field name="model_id" ref="model_task_question"/>
            <field name="groups" eval="[(4, ref('project.group_project_user'))]"/>
            <field name="perm_read" eval="True"/>
            <field name="perm_write" eval="True"/>
            <field name="perm_create" eval="True"/>
            <field name="perm_unlink" eval="True"/>
        </record>
    </data>
</odoo>